date,temp_max_f,temp_min_f,temp_avg_f,precipitation_in,rain_in,snow_in,wind_speed_max_mph
2024-09-01,85.7,69.8,76.2,0.02,0.02,0.0,9.2
2024-09-02,79.2,66.8,73.5,0.0,0.0,0.0,10.7
2024-09-03,73.8,55.5,65.6,0.0,0.0,0.0,10.3
2024-09-04,77.9,52.8,65.4,0.0,0.0,0.0,7.3
2024-09-05,79.3,56.4,66.3,0.0,0.0,0.0,9.7
2024-09-06,78.4,59.6,68.0,0.0,0.0,0.0,7.4
2024-09-07,78.8,64.8,69.3,0.06,0.06,0.0,13.0
2024-09-08,71.7,52.4,61.8,0.0,0.0,0.0,10.9
2024-09-09,77.6,51.3,64.1,0.0,0.0,0.0,9.1
2024-09-10,80.3,58.6,67.7,0.0,0.0,0.0,7.8
2024-09-11,81.0,57.8,69.0,0.0,0.0,0.0,5.8
2024-09-12,81.9,58.5,68.7,0.0,0.0,0.0,9.8
2024-09-13,83.2,60.5,70.2,0.0,0.0,0.0,7.2
2024-09-14,86.4,60.1,72.4,0.0,0.0,0.0,9.1
2024-09-15,82.8,62.2,71.2,0.0,0.0,0.0,12.1
2024-09-16,80.7,57.7,67.4,0.0,0.0,0.0,10.5
2024-09-17,80.3,62.8,70.2,0.0,0.0,0.0,11.8
2024-09-18,80.1,66.8,71.6,0.04,0.04,0.0,11.4
2024-09-19,84.7,62.8,72.1,0.0,0.0,0.0,8.2
2024-09-20,80.9,63.1,71.9,0.02,0.02,0.0,7.4
2024-09-21,78.6,61.7,69.9,0.01,0.01,0.0,5.9
2024-09-22,77.7,59.1,68.3,0.0,0.0,0.0,11.3
2024-09-23,69.0,58.9,63.9,0.01,0.01,0.0,8.9
2024-09-24,71.2,61.8,65.2,0.01,0.01,0.0,9.7
2024-09-25,70.6,62.6,65.7,0.07,0.07,0.0,11.3
2024-09-26,80.4,65.6,71.3,0.05,0.05,0.0,8.5
2024-09-27,73.4,67.2,70.4,0.18,0.18,0.0,10.3
2024-09-28,71.3,66.6,68.6,0.06,0.06,0.0,12.3
2024-09-29,68.0,63.1,64.6,0.2,0.2,0.0,12.6
2024-09-30,73.8,60.1,65.8,0.0,0.0,0.0,9.5
